{
    "problem": ["web tabanli gelismis dicom viewer/anayzer eksikligi", 
	        "bu konuda ortak calisma ortami eksikligi",
                ""],
    "solution": ["hizli ve efektif analiz altyapisi", ""],
    "unique_value_proposition": ["calisma grubu olusturulabilinen mri analiz teshis uygulamasi", ""],
    "unfair_advantage": ["ML", ""],
    "customer_segments": ["saglik", "akademi"],
    "metrics": ["", ""],
    "channels": ["makaleler", "reklam", "ucretsiz viewer", "ogrenci uyelikleri"],
    "cost_structure": ["3k eur/mo * 5", "1200 eur/mo running cost", ""],
    "revenue_streams": ["5 EUR/mo basic", "10 EUR/mo mid", "80 EUR/mo hi"]
}
